{
  "mean": [
    -0.988504946231842,
    -0.10791032761335373,
    -0.6620844602584839,
    -0.9345681071281433,
    -0.94500333070755,
    -0.8895183205604553,
    -0.055748917162418365,
    -0.9452821016311646,
    -0.9749966859817505,
    -0.9909536838531494,
    -0.8763470649719238,
    -0.9850107431411743
  ],
  "std": [
    0.04812852665781975,
    0.4382074177265167,
    0.3159259855747223,
    0.08282580971717834,
    0.08158109337091446,
    0.17226217687129974,
    0.3976097106933594,
    0.08801031857728958,
    0.07450222223997116,
    0.06971663236618042,
    0.10327157378196716,
    0.0605238601565361
  ]
}